<?xml version="1.0" encoding="utf-8"?>
<!--/832112/1635558/2.50/2/3/Antenna/-->
<quadcept_library>
  <setting unit="mil" />
  <textstyle name="Default" height="47.244094488189" strokewidth="7.8740157480315" charwidth="47.244094488189" />
  <textstyle name="Dimension" height="19.6850393700787" strokewidth="0" charwidth="19.6850393700787" />
  <textstyle name="H127W0635TH00762" height="50" strokewidth="3" charwidth="25" />
  <textstyle name="H15W15TH02" height="59.0551181102362" strokewidth="7.8740157480315" charwidth="59.0551181102362" />
  <padstyle name="r220_120" surface="True" plated="False" isvia="False" nopaste="False" nomask="True" complex="False" holesize="0">
    <padshape layer="TOP" shape="rectangle" width="47.244094488188" height="86.614173228345" />
    <padshape layer="TOP_SOLDER_MASK" shape="rectangle" width="55.11811023622" height="94.488188976377" />
    <padshape layer="TOP_SOLDER_PASTE" shape="rectangle" width="47.244094488188" height="86.614173228345" />
  </padstyle>
  <footprint name="ANTC7020X90N" originx="0" originy="0" pickpointx="0" pickpointy="0">
    <pcbpin number="1" name="1" style="r220_120" originx="-131.88976377953" originy="0" rotation="0" />
    <pcbpin number="2" name="2" style="r220_120" originx="131.88976377953" originy="0" rotation="0" />
    <line layer="TOP_PLACE_BOUND" originx="-173.22834645669" originy="61.023622047243" endx="173.22834645669" endy="61.023622047243" width="1.9685039370079" />
    <line layer="TOP_PLACE_BOUND" originx="173.22834645669" originy="61.023622047243" endx="173.22834645669" endy="-61.023622047243" width="1.9685039370079" />
    <line layer="TOP_PLACE_BOUND" originx="173.22834645669" originy="-61.023622047243" endx="-173.22834645669" endy="-61.023622047243" width="1.9685039370079" />
    <line layer="TOP_PLACE_BOUND" originx="-173.22834645669" originy="-61.023622047243" endx="-173.22834645669" endy="61.023622047243" width="1.9685039370079" />
    <line layer="TOP_ASSEMBLY" originx="-137.79527559055" originy="39.370078740157" endx="137.79527559055" endy="39.370078740157" width="3.9370078740157" />
    <line layer="TOP_ASSEMBLY" originx="137.79527559055" originy="39.370078740157" endx="137.79527559055" endy="-39.370078740157" width="3.9370078740157" />
    <line layer="TOP_ASSEMBLY" originx="137.79527559055" originy="-39.370078740157" endx="-137.79527559055" endy="-39.370078740157" width="3.9370078740157" />
    <line layer="TOP_ASSEMBLY" originx="-137.79527559055" originy="-39.370078740157" endx="-137.79527559055" endy="39.370078740157" width="3.9370078740157" />
    <line layer="TOP_ASSEMBLY" originx="-137.79527559055" originy="15.748031496063" endx="-114.17322834646" endy="39.370078740157" width="3.9370078740157" />
    <line layer="TOP_SILKSCREEN" originx="131.88976377953" originy="57.086614173228" endx="-169.29133858268" endy="57.086614173228" width="7.8740157480314" />
    <line layer="TOP_SILKSCREEN" originx="-169.29133858268" originy="57.086614173228" endx="-169.29133858268" endy="-57.086614173228" width="7.8740157480314" />
    <line layer="TOP_SILKSCREEN" originx="-169.29133858268" originy="-57.086614173228" endx="131.88976377953" endy="-57.086614173228" width="7.8740157480314" />
  </footprint>
  <symbol name="0900AT43A0070E" originx="0" originy="0">
    <line originx="200" originy="100" endx="700" endy="100" width="0" />
    <line originx="700" originy="-200" endx="700" endy="100" width="0" />
    <line originx="700" originy="-200" endx="200" endy="-200" width="0" />
    <line originx="200" originy="100" endx="200" endy="-200" width="0" />
    <sympin number="1" originx="200" originy="0" rotation="180" length="100" width="7.8740157480315" flipped="False">
      <text name="pinname" originx="230" originy="0" style="Default" rotation="0" justify="left" flipped="False" hidden="False" data="FEED" />
      <text name="pindes" originx="140" originy="20" style="Default" rotation="0" justify="lowerright" flipped="False" hidden="False" data="1" />
    </sympin>
    <sympin number="2" originx="200" originy="-100" rotation="180" length="100" width="7.8740157480315" flipped="False">
      <text name="pinname" originx="230" originy="-100" style="Default" rotation="0" justify="left" flipped="False" hidden="False" data="NC" />
      <text name="pindes" originx="140" originy="-80" style="Default" rotation="0" justify="lowerright" flipped="False" hidden="False" data="2" />
    </sympin>
  </symbol>
  <component name="0900AT43A0070E" designatorprefix="ANT" height="35.433070866141" footprint="ANTC7020X90N">
    <comppin designator="1" sympin="1" pinswap="0" gateswap="0" gate="1" group="1" side="" type="Input" name="FEED" />
    <comppin designator="2" sympin="2" pinswap="0" gateswap="0" gate="1" group="1" side="" type="Any" name="NC" />
    <attached_symbol gate="1" name="0900AT43A0070E" />
    <pinmap designator="1" footprintpin="1" />
    <pinmap designator="2" footprintpin="2" />
    <text name="Datasheet" originx="0" originy="0" style="Default" rotation="0" justify="" flipped="False" hidden="True" data="https://www.johansontechnology.com/datasheets/0900AT43A0070/0900AT43A0070.pdf" />
    <text name="Description" originx="0" originy="0" style="Default" rotation="0" justify="" flipped="False" hidden="True" data="JOHANSON TECHNOLOGY - 0900AT43A0070E - DUAL BAND ANTENNA, 868/915GHZ, 50 OHM" />
    <text name="Mouser Part Number" originx="0" originy="0" style="Default" rotation="0" justify="" flipped="False" hidden="True" data="609-0900AT43A0070E" />
    <text name="Mouser Price/Stock" originx="0" originy="0" style="Default" rotation="0" justify="" flipped="False" hidden="True" data="https://www.mouser.co.uk/ProductDetail/Johanson-Technology/0900AT43A0070E?qs=sL7MMaRBAPU1wLyufDzrNg%3D%3D" />
    <text name="Manufacturer_Name" originx="0" originy="0" style="Default" rotation="0" justify="" flipped="False" hidden="True" data="JOHANSON TECHNOLOGY" />
    <text name="Manufacturer_Part_Number" originx="750" originy="200" style="Default" rotation="0" justify="left" flipped="False" hidden="False" data="0900AT43A0070E" />
  </component>
</quadcept_library>
