<?xml version="1.0" encoding="utf-8"?>
<!--/1814665/1635558/2.50/4/2/Transistor BJT NPN/-->
<quadcept_library>
  <setting unit="mil" />
  <textstyle name="Default" height="47.244094488189" strokewidth="7.8740157480315" charwidth="47.244094488189" />
  <textstyle name="Dimension" height="19.6850393700787" strokewidth="0" charwidth="19.6850393700787" />
  <textstyle name="H127W0635TH00762" height="50" strokewidth="3" charwidth="25" />
  <textstyle name="H15W15TH02" height="59.0551181102362" strokewidth="7.8740157480315" charwidth="59.0551181102362" />
  <padstyle name="r50_40" surface="True" plated="False" isvia="False" nopaste="False" nomask="True" complex="False" holesize="0">
    <padshape layer="TOP" shape="rectangle" width="15.748031496063" height="19.685039370078" />
    <padshape layer="TOP_SOLDER_MASK" shape="rectangle" width="23.622047244094" height="27.55905511811" />
    <padshape layer="TOP_SOLDER_PASTE" shape="rectangle" width="15.748031496063" height="19.685039370078" />
  </padstyle>
  <padstyle name="r160_110" surface="True" plated="False" isvia="False" nopaste="False" nomask="True" complex="False" holesize="0">
    <padshape layer="TOP" shape="rectangle" width="43.307086614173" height="62.992125984251" />
    <padshape layer="TOP_SOLDER_MASK" shape="rectangle" width="51.181102362204" height="70.866141732283" />
    <padshape layer="TOP_SOLDER_PASTE" shape="rectangle" width="43.307086614173" height="62.992125984251" />
  </padstyle>
  <padstyle name="r40_25" surface="True" plated="False" isvia="False" nopaste="False" nomask="True" complex="False" holesize="0">
    <padshape layer="TOP" shape="rectangle" width="9.8425196850392" height="15.748031496063" />
    <padshape layer="TOP_SOLDER_MASK" shape="rectangle" width="17.716535433071" height="23.622047244094" />
    <padshape layer="TOP_SOLDER_PASTE" shape="rectangle" width="9.8425196850392" height="15.748031496063" />
  </padstyle>
  <footprint name="PTVS24VZ1UPAZ" originx="0" originy="0" pickpointx="0" pickpointy="0">
    <pcbpin number="1" name="1" style="r50_40" originx="-25.590551181102" originy="-32.007874015748" rotation="0" />
    <pcbpin number="2" name="2" style="r50_40" originx="25.590551181102" originy="-32.007874015748" rotation="0" />
    <pcbpin number="3" name="3" style="r160_110" originx="0" originy="11.338582677165" rotation="90" />
    <pcbpin number="4" name="4" style="r40_25" originx="0" originy="37.913385826771" rotation="90" />
    <line layer="TOP_ASSEMBLY" originx="-39.370078740157" originy="39.370078740157" endx="39.370078740157" endy="39.370078740157" width="3.9370078740157" />
    <line layer="TOP_ASSEMBLY" originx="39.370078740157" originy="39.370078740157" endx="39.370078740157" endy="-39.370078740157" width="3.9370078740157" />
    <line layer="TOP_ASSEMBLY" originx="39.370078740157" originy="-39.370078740157" endx="-39.370078740157" endy="-39.370078740157" width="3.9370078740157" />
    <line layer="TOP_ASSEMBLY" originx="-39.370078740157" originy="-39.370078740157" endx="-39.370078740157" endy="39.370078740157" width="3.9370078740157" />
    <line layer="TOP_PLACE_BOUND" originx="-78.740157480314" originy="82.165354330708" endx="78.740157480314" endy="82.165354330708" width="3.9370078740157" />
    <line layer="TOP_PLACE_BOUND" originx="78.740157480314" originy="82.165354330708" endx="78.740157480314" endy="-81.220472440944" width="3.9370078740157" />
    <line layer="TOP_PLACE_BOUND" originx="78.740157480314" originy="-81.220472440944" endx="-78.740157480314" endy="-81.220472440944" width="3.9370078740157" />
    <line layer="TOP_PLACE_BOUND" originx="-78.740157480314" originy="-81.220472440944" endx="-78.740157480314" endy="82.165354330708" width="3.9370078740157" />
    <line layer="TOP_SILKSCREEN" originx="-27.55905511811" originy="-59.055118110235" endx="-27.55905511811" endy="-59.055118110235" width="3.9370078740157" />
    <arc layer="TOP_SILKSCREEN" originx="-27.55905511811" originy="-61.023622047243" startangle="90.0" sweepangle="180.0" radius="1.9685039370079" width="3.9370078740157" />
    <line layer="TOP_SILKSCREEN" originx="-27.55905511811" originy="-62.992125984251" endx="-27.55905511811" endy="-62.992125984251" width="3.9370078740157" />
    <arc layer="TOP_SILKSCREEN" originx="-27.55905511811" originy="-61.023622047243" startangle="-90.0" sweepangle="180.0" radius="1.9685039370079" width="3.9370078740157" />
  </footprint>
  <symbol name="BC56-10PA,115" originx="0" originy="0">
    <line originx="200" originy="100" endx="700" endy="100" width="0" />
    <line originx="700" originy="-200" endx="700" endy="100" width="0" />
    <line originx="700" originy="-200" endx="200" endy="-200" width="0" />
    <line originx="200" originy="100" endx="200" endy="-200" width="0" />
    <sympin number="1" originx="200" originy="0" rotation="180" length="100" width="7.8740157480315" flipped="False">
      <text name="pinname" originx="230" originy="0" style="Default" rotation="0" justify="left" flipped="False" hidden="False" data="B" />
      <text name="pindes" originx="140" originy="20" style="Default" rotation="0" justify="lowerright" flipped="False" hidden="False" data="1" />
    </sympin>
    <sympin number="2" originx="200" originy="-100" rotation="180" length="100" width="7.8740157480315" flipped="False">
      <text name="pinname" originx="230" originy="-100" style="Default" rotation="0" justify="left" flipped="False" hidden="False" data="E" />
      <text name="pindes" originx="140" originy="-80" style="Default" rotation="0" justify="lowerright" flipped="False" hidden="False" data="2" />
    </sympin>
    <sympin number="3" originx="700" originy="0" rotation="0" length="100" width="7.8740157480315" flipped="False">
      <text name="pinname" originx="670" originy="0" style="Default" rotation="0" justify="right" flipped="False" hidden="False" data="C_1" />
      <text name="pindes" originx="760" originy="20" style="Default" rotation="0" justify="lowerleft" flipped="False" hidden="False" data="3" />
    </sympin>
    <sympin number="4" originx="700" originy="-100" rotation="0" length="100" width="7.8740157480315" flipped="False">
      <text name="pinname" originx="670" originy="-100" style="Default" rotation="0" justify="right" flipped="False" hidden="False" data="C_2" />
      <text name="pindes" originx="760" originy="-80" style="Default" rotation="0" justify="lowerleft" flipped="False" hidden="False" data="4" />
    </sympin>
  </symbol>
  <component name="BC56-10PA,115" designatorprefix="Q" height="23.622047244094" footprint="PTVS24VZ1UPAZ">
    <comppin designator="1" sympin="1" pinswap="0" gateswap="0" gate="1" group="1" side="" type="Any" name="B" />
    <comppin designator="2" sympin="2" pinswap="0" gateswap="0" gate="1" group="1" side="" type="Any" name="E" />
    <comppin designator="3" sympin="3" pinswap="0" gateswap="0" gate="1" group="1" side="" type="Any" name="C_1" />
    <comppin designator="4" sympin="4" pinswap="0" gateswap="0" gate="1" group="1" side="" type="Any" name="C_2" />
    <attached_symbol gate="1" name="BC56-10PA,115" />
    <pinmap designator="1" footprintpin="1" />
    <pinmap designator="2" footprintpin="2" />
    <pinmap designator="3" footprintpin="3" />
    <pinmap designator="4" footprintpin="4" />
    <text name="Datasheet" originx="0" originy="0" style="Default" rotation="0" justify="" flipped="False" hidden="True" data="https://assets.nexperia.com/documents/data-sheet/BCP56_BCX56_BC56PA.pdf" />
    <text name="Description" originx="0" originy="0" style="Default" rotation="0" justify="" flipped="False" hidden="True" data="Bipolar Transistors - BJT BC56-10PA/SOT1061/HUSON3" />
    <text name="Mouser Part Number" originx="0" originy="0" style="Default" rotation="0" justify="" flipped="False" hidden="True" data="771-BC56-10PA115" />
    <text name="Mouser Price/Stock" originx="0" originy="0" style="Default" rotation="0" justify="" flipped="False" hidden="True" data="https://www.mouser.co.uk/ProductDetail/Nexperia/BC56-10PA115?qs=QGdnF3v6kLQlkGGi99RJQg%3D%3D" />
    <text name="Manufacturer_Name" originx="0" originy="0" style="Default" rotation="0" justify="" flipped="False" hidden="True" data="Nexperia" />
    <text name="Manufacturer_Part_Number" originx="750" originy="200" style="Default" rotation="0" justify="left" flipped="False" hidden="False" data="BC56-10PA,115" />
  </component>
</quadcept_library>
