<?xml version="1.0" encoding="utf-8"?>
<!--/13577852/1635558/2.50/24/2/Connector/-->
<quadcept_library>
  <setting unit="mil" />
  <textstyle name="Default" height="47.244094488189" strokewidth="7.8740157480315" charwidth="47.244094488189" />
  <textstyle name="Dimension" height="19.6850393700787" strokewidth="0" charwidth="19.6850393700787" />
  <textstyle name="H127W0635TH00762" height="50" strokewidth="3" charwidth="25" />
  <textstyle name="H15W15TH02" height="59.0551181102362" strokewidth="7.8740157480315" charwidth="59.0551181102362" />
  <padstyle name="r110_80" surface="True" plated="False" isvia="False" nopaste="False" nomask="True" complex="False" holesize="0">
    <padshape layer="TOP" shape="rectangle" width="31.496062992126" height="43.307086614173" />
    <padshape layer="TOP_SOLDER_MASK" shape="rectangle" width="39.370078740157" height="51.181102362204" />
    <padshape layer="TOP_SOLDER_PASTE" shape="rectangle" width="31.496062992126" height="43.307086614173" />
  </padstyle>
  <padstyle name="r250_120" surface="True" plated="False" isvia="False" nopaste="False" nomask="True" complex="False" holesize="0">
    <padshape layer="TOP" shape="rectangle" width="47.244094488188" height="98.425196850392" />
    <padshape layer="TOP_SOLDER_MASK" shape="rectangle" width="55.11811023622" height="106.29921259842" />
    <padshape layer="TOP_SOLDER_PASTE" shape="rectangle" width="47.244094488188" height="98.425196850392" />
  </padstyle>
  <padstyle name="c77.5_h155" surface="False" plated="True" isvia="False" nopaste="True" nomask="True" complex="False" holesize="61.023622047243">
    <padshape layer="TOP" shape="round" width="30.511811023622" height="30.511811023622" />
    <padshape layer="TOP_SOLDER_MASK" shape="round" width="38.385826771653" height="38.385826771653" />
    <padshape layer="INNER" shape="round" width="30.511811023622" height="30.511811023622" />
    <padshape layer="BOTTOM" shape="round" width="30.511811023622" height="30.511811023622" />
    <padshape layer="BOTTOM_SOLDER_MASK" shape="round" width="38.385826771653" height="38.385826771653" />
  </padstyle>
  <footprint name="15130202601333" originx="0" originy="0" pickpointx="0" pickpointy="0">
    <pcbpin number="1" name="1" style="r250_120" originx="323.81889763779" originy="-100.3937007874" rotation="0" />
    <pcbpin number="2" name="2" style="r250_120" originx="323.81889763779" originy="100.3937007874" rotation="0" />
    <pcbpin number="3" name="3" style="r250_120" originx="-323.81889763779" originy="-100.3937007874" rotation="0" />
    <pcbpin number="4" name="4" style="r250_120" originx="-323.81889763779" originy="100.3937007874" rotation="0" />
    <pcbpin number="5" name="5" style="c77.5_h155" originx="312.00787401574" originy="0" rotation="90" />
    <pcbpin number="6" name="6" style="c77.5_h155" originx="-312.00787401574" originy="0" rotation="90" />
    <pcbpin number="7" name="A1" style="r110_80" originx="225" originy="-108.26771653543" rotation="0" />
    <pcbpin number="8" name="A2" style="r110_80" originx="175" originy="-108.26771653543" rotation="0" />
    <pcbpin number="9" name="A3" style="r110_80" originx="125" originy="-108.26771653543" rotation="0" />
    <pcbpin number="10" name="A4" style="r110_80" originx="74.999999999999" originy="-108.26771653543" rotation="0" />
    <pcbpin number="11" name="A5" style="r110_80" originx="25" originy="-108.26771653543" rotation="0" />
    <pcbpin number="12" name="A6" style="r110_80" originx="-25" originy="-108.26771653543" rotation="0" />
    <pcbpin number="13" name="A7" style="r110_80" originx="-74.999999999999" originy="-108.26771653543" rotation="0" />
    <pcbpin number="14" name="A8" style="r110_80" originx="-125" originy="-108.26771653543" rotation="0" />
    <pcbpin number="15" name="A9" style="r110_80" originx="-175" originy="-108.26771653543" rotation="0" />
    <pcbpin number="16" name="A10" style="r110_80" originx="-225" originy="-108.26771653543" rotation="0" />
    <pcbpin number="17" name="B1" style="r110_80" originx="225" originy="108.26771653543" rotation="0" />
    <pcbpin number="18" name="B2" style="r110_80" originx="175" originy="108.26771653543" rotation="0" />
    <pcbpin number="19" name="B3" style="r110_80" originx="125" originy="108.26771653543" rotation="0" />
    <pcbpin number="20" name="B4" style="r110_80" originx="74.999999999999" originy="108.26771653543" rotation="0" />
    <pcbpin number="21" name="B5" style="r110_80" originx="25" originy="108.26771653543" rotation="0" />
    <pcbpin number="22" name="B6" style="r110_80" originx="-25" originy="108.26771653543" rotation="0" />
    <pcbpin number="23" name="B7" style="r110_80" originx="-74.999999999999" originy="108.26771653543" rotation="0" />
    <pcbpin number="24" name="B8" style="r110_80" originx="-125" originy="108.26771653543" rotation="0" />
    <pcbpin number="25" name="B9" style="r110_80" originx="-175" originy="108.26771653543" rotation="0" />
    <pcbpin number="26" name="B10" style="r110_80" originx="-225" originy="108.26771653543" rotation="0" />
    <line layer="TOP_ASSEMBLY" originx="-350" originy="82.67716535433" endx="350" endy="82.67716535433" width="3.9370078740157" />
    <line layer="TOP_ASSEMBLY" originx="350" originy="82.67716535433" endx="350" endy="-82.67716535433" width="3.9370078740157" />
    <line layer="TOP_ASSEMBLY" originx="350" originy="-82.67716535433" endx="-350" endy="-82.67716535433" width="3.9370078740157" />
    <line layer="TOP_ASSEMBLY" originx="-350" originy="-82.67716535433" endx="-350" endy="82.67716535433" width="3.9370078740157" />
    <line layer="TOP_PLACE_BOUND" originx="-389.37007874015" originy="188.97637795275" endx="389.37007874015" endy="188.97637795275" width="3.9370078740157" />
    <line layer="TOP_PLACE_BOUND" originx="389.37007874015" originy="188.97637795275" endx="389.37007874015" endy="-188.97637795275" width="3.9370078740157" />
    <line layer="TOP_PLACE_BOUND" originx="389.37007874015" originy="-188.97637795275" endx="-389.37007874015" endy="-188.97637795275" width="3.9370078740157" />
    <line layer="TOP_PLACE_BOUND" originx="-389.37007874015" originy="-188.97637795275" endx="-389.37007874015" endy="188.97637795275" width="3.9370078740157" />
    <line layer="TOP_SILKSCREEN" originx="225" originy="-165.35433070866" endx="225" endy="-165.35433070866" width="3.9370078740157" />
    <arc layer="TOP_SILKSCREEN" originx="225" originy="-163.38582677165" startangle="-90.0" sweepangle="180.0" radius="1.9685039370079" width="3.9370078740157" />
    <line layer="TOP_SILKSCREEN" originx="225" originy="-161.41732283464" endx="225" endy="-161.41732283464" width="3.9370078740157" />
    <arc layer="TOP_SILKSCREEN" originx="225" originy="-163.38582677165" startangle="90.0" sweepangle="180.0" radius="1.9685039370079" width="3.9370078740157" />
  </footprint>
  <symbol name="15130202601333" originx="0" originy="0">
    <line originx="200" originy="400" endx="1300" endy="400" width="0" />
    <line originx="1300" originy="-500" endx="1300" endy="400" width="0" />
    <line originx="1300" originy="-500" endx="200" endy="-500" width="0" />
    <line originx="200" originy="400" endx="200" endy="-500" width="0" />
    <sympin number="1" originx="1300" originy="-100" rotation="0" length="100" width="7.8740157480315" flipped="False">
      <text name="pinname" originx="1270" originy="-100" style="Default" rotation="0" justify="right" flipped="False" hidden="False" data="MP1" />
      <text name="pindes" originx="1360" originy="-80" style="Default" rotation="0" justify="lowerleft" flipped="False" hidden="False" data="1" />
    </sympin>
    <sympin number="2" originx="1300" originy="0" rotation="0" length="100" width="7.8740157480315" flipped="False">
      <text name="pinname" originx="1270" originy="0" style="Default" rotation="0" justify="right" flipped="False" hidden="False" data="MP2" />
      <text name="pindes" originx="1360" originy="20" style="Default" rotation="0" justify="lowerleft" flipped="False" hidden="False" data="2" />
    </sympin>
    <sympin number="3" originx="200" originy="-100" rotation="180" length="100" width="7.8740157480315" flipped="False">
      <text name="pinname" originx="230" originy="-100" style="Default" rotation="0" justify="left" flipped="False" hidden="False" data="MP3" />
      <text name="pindes" originx="140" originy="-80" style="Default" rotation="0" justify="lowerright" flipped="False" hidden="False" data="3" />
    </sympin>
    <sympin number="4" originx="200" originy="0" rotation="180" length="100" width="7.8740157480315" flipped="False">
      <text name="pinname" originx="230" originy="0" style="Default" rotation="0" justify="left" flipped="False" hidden="False" data="MP4" />
      <text name="pindes" originx="140" originy="20" style="Default" rotation="0" justify="lowerright" flipped="False" hidden="False" data="4" />
    </sympin>
    <sympin number="5" originx="1200" originy="-500" rotation="270" length="100" width="7.8740157480315" flipped="False">
      <text name="pinname" originx="1200" originy="-470" style="Default" rotation="0" justify="left" flipped="False" hidden="False" data="A1" />
      <text name="pindes" originx="1180" originy="-560" style="Default" rotation="0" justify="lowerright" flipped="False" hidden="False" data="A1" />
    </sympin>
    <sympin number="6" originx="1100" originy="-500" rotation="270" length="100" width="7.8740157480315" flipped="False">
      <text name="pinname" originx="1100" originy="-470" style="Default" rotation="0" justify="left" flipped="False" hidden="False" data="A2" />
      <text name="pindes" originx="1080" originy="-560" style="Default" rotation="0" justify="lowerright" flipped="False" hidden="False" data="A2" />
    </sympin>
    <sympin number="7" originx="1000" originy="-500" rotation="270" length="100" width="7.8740157480315" flipped="False">
      <text name="pinname" originx="1000" originy="-470" style="Default" rotation="0" justify="left" flipped="False" hidden="False" data="A3" />
      <text name="pindes" originx="980" originy="-560" style="Default" rotation="0" justify="lowerright" flipped="False" hidden="False" data="A3" />
    </sympin>
    <sympin number="8" originx="900" originy="-500" rotation="270" length="100" width="7.8740157480315" flipped="False">
      <text name="pinname" originx="900" originy="-470" style="Default" rotation="0" justify="left" flipped="False" hidden="False" data="A4" />
      <text name="pindes" originx="880" originy="-560" style="Default" rotation="0" justify="lowerright" flipped="False" hidden="False" data="A4" />
    </sympin>
    <sympin number="9" originx="800" originy="-500" rotation="270" length="100" width="7.8740157480315" flipped="False">
      <text name="pinname" originx="800" originy="-470" style="Default" rotation="0" justify="left" flipped="False" hidden="False" data="A5" />
      <text name="pindes" originx="780" originy="-560" style="Default" rotation="0" justify="lowerright" flipped="False" hidden="False" data="A5" />
    </sympin>
    <sympin number="10" originx="700" originy="-500" rotation="270" length="100" width="7.8740157480315" flipped="False">
      <text name="pinname" originx="700" originy="-470" style="Default" rotation="0" justify="left" flipped="False" hidden="False" data="A6" />
      <text name="pindes" originx="680" originy="-560" style="Default" rotation="0" justify="lowerright" flipped="False" hidden="False" data="A6" />
    </sympin>
    <sympin number="11" originx="600" originy="-500" rotation="270" length="100" width="7.8740157480315" flipped="False">
      <text name="pinname" originx="600" originy="-470" style="Default" rotation="0" justify="left" flipped="False" hidden="False" data="A7" />
      <text name="pindes" originx="580" originy="-560" style="Default" rotation="0" justify="lowerright" flipped="False" hidden="False" data="A7" />
    </sympin>
    <sympin number="12" originx="500" originy="-500" rotation="270" length="100" width="7.8740157480315" flipped="False">
      <text name="pinname" originx="500" originy="-470" style="Default" rotation="0" justify="left" flipped="False" hidden="False" data="A8" />
      <text name="pindes" originx="480" originy="-560" style="Default" rotation="0" justify="lowerright" flipped="False" hidden="False" data="A8" />
    </sympin>
    <sympin number="13" originx="400" originy="-500" rotation="270" length="100" width="7.8740157480315" flipped="False">
      <text name="pinname" originx="400" originy="-470" style="Default" rotation="0" justify="left" flipped="False" hidden="False" data="A9" />
      <text name="pindes" originx="380" originy="-560" style="Default" rotation="0" justify="lowerright" flipped="False" hidden="False" data="A9" />
    </sympin>
    <sympin number="14" originx="300" originy="-500" rotation="270" length="100" width="7.8740157480315" flipped="False">
      <text name="pinname" originx="300" originy="-470" style="Default" rotation="0" justify="left" flipped="False" hidden="False" data="A10" />
      <text name="pindes" originx="280" originy="-560" style="Default" rotation="0" justify="lowerright" flipped="False" hidden="False" data="A10" />
    </sympin>
    <sympin number="15" originx="1200" originy="400" rotation="90" length="100" width="7.8740157480315" flipped="False">
      <text name="pinname" originx="1200" originy="370" style="Default" rotation="0" justify="right" flipped="False" hidden="False" data="B1" />
      <text name="pindes" originx="1180" originy="460" style="Default" rotation="0" justify="lowerleft" flipped="False" hidden="False" data="B1" />
    </sympin>
    <sympin number="16" originx="1100" originy="400" rotation="90" length="100" width="7.8740157480315" flipped="False">
      <text name="pinname" originx="1100" originy="370" style="Default" rotation="0" justify="right" flipped="False" hidden="False" data="B2" />
      <text name="pindes" originx="1080" originy="460" style="Default" rotation="0" justify="lowerleft" flipped="False" hidden="False" data="B2" />
    </sympin>
    <sympin number="17" originx="1000" originy="400" rotation="90" length="100" width="7.8740157480315" flipped="False">
      <text name="pinname" originx="1000" originy="370" style="Default" rotation="0" justify="right" flipped="False" hidden="False" data="B3" />
      <text name="pindes" originx="980" originy="460" style="Default" rotation="0" justify="lowerleft" flipped="False" hidden="False" data="B3" />
    </sympin>
    <sympin number="18" originx="900" originy="400" rotation="90" length="100" width="7.8740157480315" flipped="False">
      <text name="pinname" originx="900" originy="370" style="Default" rotation="0" justify="right" flipped="False" hidden="False" data="B4" />
      <text name="pindes" originx="880" originy="460" style="Default" rotation="0" justify="lowerleft" flipped="False" hidden="False" data="B4" />
    </sympin>
    <sympin number="19" originx="800" originy="400" rotation="90" length="100" width="7.8740157480315" flipped="False">
      <text name="pinname" originx="800" originy="370" style="Default" rotation="0" justify="right" flipped="False" hidden="False" data="B5" />
      <text name="pindes" originx="780" originy="460" style="Default" rotation="0" justify="lowerleft" flipped="False" hidden="False" data="B5" />
    </sympin>
    <sympin number="20" originx="700" originy="400" rotation="90" length="100" width="7.8740157480315" flipped="False">
      <text name="pinname" originx="700" originy="370" style="Default" rotation="0" justify="right" flipped="False" hidden="False" data="B6" />
      <text name="pindes" originx="680" originy="460" style="Default" rotation="0" justify="lowerleft" flipped="False" hidden="False" data="B6" />
    </sympin>
    <sympin number="21" originx="600" originy="400" rotation="90" length="100" width="7.8740157480315" flipped="False">
      <text name="pinname" originx="600" originy="370" style="Default" rotation="0" justify="right" flipped="False" hidden="False" data="B7" />
      <text name="pindes" originx="580" originy="460" style="Default" rotation="0" justify="lowerleft" flipped="False" hidden="False" data="B7" />
    </sympin>
    <sympin number="22" originx="500" originy="400" rotation="90" length="100" width="7.8740157480315" flipped="False">
      <text name="pinname" originx="500" originy="370" style="Default" rotation="0" justify="right" flipped="False" hidden="False" data="B8" />
      <text name="pindes" originx="480" originy="460" style="Default" rotation="0" justify="lowerleft" flipped="False" hidden="False" data="B8" />
    </sympin>
    <sympin number="23" originx="400" originy="400" rotation="90" length="100" width="7.8740157480315" flipped="False">
      <text name="pinname" originx="400" originy="370" style="Default" rotation="0" justify="right" flipped="False" hidden="False" data="B9" />
      <text name="pindes" originx="380" originy="460" style="Default" rotation="0" justify="lowerleft" flipped="False" hidden="False" data="B9" />
    </sympin>
    <sympin number="24" originx="300" originy="400" rotation="90" length="100" width="7.8740157480315" flipped="False">
      <text name="pinname" originx="300" originy="370" style="Default" rotation="0" justify="right" flipped="False" hidden="False" data="B10" />
      <text name="pindes" originx="280" originy="460" style="Default" rotation="0" justify="lowerleft" flipped="False" hidden="False" data="B10" />
    </sympin>
  </symbol>
  <component name="15130202601333" designatorprefix="J" height="383.07086614173" footprint="15130202601333">
    <comppin designator="1" sympin="1" pinswap="0" gateswap="0" gate="1" group="1" side="" type="Any" name="MP1" />
    <comppin designator="2" sympin="2" pinswap="0" gateswap="0" gate="1" group="1" side="" type="Any" name="MP2" />
    <comppin designator="3" sympin="3" pinswap="0" gateswap="0" gate="1" group="1" side="" type="Any" name="MP3" />
    <comppin designator="4" sympin="4" pinswap="0" gateswap="0" gate="1" group="1" side="" type="Any" name="MP4" />
    <comppin designator="A1" sympin="5" pinswap="0" gateswap="0" gate="1" group="1" side="" type="Any" name="A1" />
    <comppin designator="A2" sympin="6" pinswap="0" gateswap="0" gate="1" group="1" side="" type="Any" name="A2" />
    <comppin designator="A3" sympin="7" pinswap="0" gateswap="0" gate="1" group="1" side="" type="Any" name="A3" />
    <comppin designator="A4" sympin="8" pinswap="0" gateswap="0" gate="1" group="1" side="" type="Any" name="A4" />
    <comppin designator="A5" sympin="9" pinswap="0" gateswap="0" gate="1" group="1" side="" type="Any" name="A5" />
    <comppin designator="A6" sympin="10" pinswap="0" gateswap="0" gate="1" group="1" side="" type="Any" name="A6" />
    <comppin designator="A7" sympin="11" pinswap="0" gateswap="0" gate="1" group="1" side="" type="Any" name="A7" />
    <comppin designator="A8" sympin="12" pinswap="0" gateswap="0" gate="1" group="1" side="" type="Any" name="A8" />
    <comppin designator="A9" sympin="13" pinswap="0" gateswap="0" gate="1" group="1" side="" type="Any" name="A9" />
    <comppin designator="A10" sympin="14" pinswap="0" gateswap="0" gate="1" group="1" side="" type="Any" name="A10" />
    <comppin designator="B1" sympin="15" pinswap="0" gateswap="0" gate="1" group="1" side="" type="Any" name="B1" />
    <comppin designator="B2" sympin="16" pinswap="0" gateswap="0" gate="1" group="1" side="" type="Any" name="B2" />
    <comppin designator="B3" sympin="17" pinswap="0" gateswap="0" gate="1" group="1" side="" type="Any" name="B3" />
    <comppin designator="B4" sympin="18" pinswap="0" gateswap="0" gate="1" group="1" side="" type="Any" name="B4" />
    <comppin designator="B5" sympin="19" pinswap="0" gateswap="0" gate="1" group="1" side="" type="Any" name="B5" />
    <comppin designator="B6" sympin="20" pinswap="0" gateswap="0" gate="1" group="1" side="" type="Any" name="B6" />
    <comppin designator="B7" sympin="21" pinswap="0" gateswap="0" gate="1" group="1" side="" type="Any" name="B7" />
    <comppin designator="B8" sympin="22" pinswap="0" gateswap="0" gate="1" group="1" side="" type="Any" name="B8" />
    <comppin designator="B9" sympin="23" pinswap="0" gateswap="0" gate="1" group="1" side="" type="Any" name="B9" />
    <comppin designator="B10" sympin="24" pinswap="0" gateswap="0" gate="1" group="1" side="" type="Any" name="B10" />
    <attached_symbol gate="1" name="15130202601333" />
    <pinmap designator="1" footprintpin="1" />
    <pinmap designator="2" footprintpin="2" />
    <pinmap designator="3" footprintpin="3" />
    <pinmap designator="4" footprintpin="4" />
    <pinmap designator="A1" footprintpin="5" />
    <pinmap designator="A2" footprintpin="6" />
    <pinmap designator="A3" footprintpin="7" />
    <pinmap designator="A4" footprintpin="8" />
    <pinmap designator="A5" footprintpin="9" />
    <pinmap designator="A6" footprintpin="10" />
    <pinmap designator="A7" footprintpin="11" />
    <pinmap designator="A8" footprintpin="12" />
    <pinmap designator="A9" footprintpin="13" />
    <pinmap designator="A10" footprintpin="14" />
    <pinmap designator="B1" footprintpin="15" />
    <pinmap designator="B2" footprintpin="16" />
    <pinmap designator="B3" footprintpin="17" />
    <pinmap designator="B4" footprintpin="18" />
    <pinmap designator="B5" footprintpin="19" />
    <pinmap designator="B6" footprintpin="20" />
    <pinmap designator="B7" footprintpin="21" />
    <pinmap designator="B8" footprintpin="22" />
    <pinmap designator="B9" footprintpin="23" />
    <pinmap designator="B10" footprintpin="24" />
    <text name="Datasheet" originx="0" originy="0" style="Default" rotation="0" justify="" flipped="False" hidden="True" data="https://b2b.harting.com/files/download/PRD/PDF_TS/1513XXXX601XXX_100222441DRW003C.pdf" />
    <text name="Description" originx="0" originy="0" style="Default" rotation="0" justify="" flipped="False" hidden="True" data="Connectors, Male connector, Reflow soldering termination (SMT), Contacts: 20, Straight" />
    <text name="Manufacturer_Name" originx="0" originy="0" style="Default" rotation="0" justify="" flipped="False" hidden="True" data="HARTING" />
    <text name="Manufacturer_Part_Number" originx="1350" originy="500" style="Default" rotation="0" justify="left" flipped="False" hidden="False" data="15130202601333" />
    <text name="Mouser Part Number" originx="0" originy="0" style="Default" rotation="0" justify="" flipped="False" hidden="True" data="" />
    <text name="Mouser Price/Stock" originx="0" originy="0" style="Default" rotation="0" justify="" flipped="False" hidden="True" data="" />
    <text name="Arrow Part Number" originx="0" originy="0" style="Default" rotation="0" justify="" flipped="False" hidden="True" data="" />
    <text name="Arrow Price/Stock" originx="0" originy="0" style="Default" rotation="0" justify="" flipped="False" hidden="True" data="" />
  </component>
</quadcept_library>
