<?xml version="1.0" encoding="utf-8"?>
<!--/13575770/1635558/2.50/32/2/Connector/-->
<quadcept_library>
  <setting unit="mil" />
  <textstyle name="Default" height="47.244094488189" strokewidth="7.8740157480315" charwidth="47.244094488189" />
  <textstyle name="Dimension" height="19.6850393700787" strokewidth="0" charwidth="19.6850393700787" />
  <textstyle name="H127W0635TH00762" height="50" strokewidth="3" charwidth="25" />
  <textstyle name="H15W15TH02" height="59.0551181102362" strokewidth="7.8740157480315" charwidth="59.0551181102362" />
  <padstyle name="r110_80" surface="True" plated="False" isvia="False" nopaste="False" nomask="True" complex="False" holesize="0">
    <padshape layer="TOP" shape="rectangle" width="31.496062992126" height="43.307086614173" />
    <padshape layer="TOP_SOLDER_MASK" shape="rectangle" width="39.370078740157" height="51.181102362204" />
    <padshape layer="TOP_SOLDER_PASTE" shape="rectangle" width="31.496062992126" height="43.307086614173" />
  </padstyle>
  <padstyle name="r250_120" surface="True" plated="False" isvia="False" nopaste="False" nomask="True" complex="False" holesize="0">
    <padshape layer="TOP" shape="rectangle" width="47.244094488188" height="98.425196850392" />
    <padshape layer="TOP_SOLDER_MASK" shape="rectangle" width="55.11811023622" height="106.29921259842" />
    <padshape layer="TOP_SOLDER_PASTE" shape="rectangle" width="47.244094488188" height="98.425196850392" />
  </padstyle>
  <padstyle name="c77.5_h155" surface="False" plated="True" isvia="False" nopaste="True" nomask="True" complex="False" holesize="61.023622047243">
    <padshape layer="TOP" shape="round" width="30.511811023622" height="30.511811023622" />
    <padshape layer="TOP_SOLDER_MASK" shape="round" width="38.385826771653" height="38.385826771653" />
    <padshape layer="INNER" shape="round" width="30.511811023622" height="30.511811023622" />
    <padshape layer="BOTTOM" shape="round" width="30.511811023622" height="30.511811023622" />
    <padshape layer="BOTTOM_SOLDER_MASK" shape="round" width="38.385826771653" height="38.385826771653" />
  </padstyle>
  <footprint name="15230322601000" originx="0" originy="0" pickpointx="0" pickpointy="0">
    <pcbpin number="1" name="A1" style="r110_80" originx="375" originy="108.26771653543" rotation="0" />
    <pcbpin number="2" name="A2" style="r110_80" originx="325" originy="108.26771653543" rotation="0" />
    <pcbpin number="3" name="A3" style="r110_80" originx="275" originy="108.26771653543" rotation="0" />
    <pcbpin number="4" name="A4" style="r110_80" originx="225" originy="108.26771653543" rotation="0" />
    <pcbpin number="5" name="A5" style="r110_80" originx="175" originy="108.26771653543" rotation="0" />
    <pcbpin number="6" name="A6" style="r110_80" originx="125" originy="108.26771653543" rotation="0" />
    <pcbpin number="7" name="A7" style="r110_80" originx="74.999999999999" originy="108.26771653543" rotation="0" />
    <pcbpin number="8" name="A8" style="r110_80" originx="25" originy="108.26771653543" rotation="0" />
    <pcbpin number="9" name="A9" style="r110_80" originx="-25" originy="108.26771653543" rotation="0" />
    <pcbpin number="10" name="A10" style="r110_80" originx="-74.999999999999" originy="108.26771653543" rotation="0" />
    <pcbpin number="11" name="A11" style="r110_80" originx="-125" originy="108.26771653543" rotation="0" />
    <pcbpin number="12" name="A12" style="r110_80" originx="-175" originy="108.26771653543" rotation="0" />
    <pcbpin number="13" name="A13" style="r110_80" originx="-225" originy="108.26771653543" rotation="0" />
    <pcbpin number="14" name="A14" style="r110_80" originx="-275" originy="108.26771653543" rotation="0" />
    <pcbpin number="15" name="A15" style="r110_80" originx="-325" originy="108.26771653543" rotation="0" />
    <pcbpin number="16" name="A16" style="r110_80" originx="-375" originy="108.26771653543" rotation="0" />
    <pcbpin number="17" name="B1" style="r110_80" originx="375" originy="-108.26771653543" rotation="0" />
    <pcbpin number="18" name="B2" style="r110_80" originx="325" originy="-108.26771653543" rotation="0" />
    <pcbpin number="19" name="B3" style="r110_80" originx="275" originy="-108.26771653543" rotation="0" />
    <pcbpin number="20" name="B4" style="r110_80" originx="225" originy="-108.26771653543" rotation="0" />
    <pcbpin number="21" name="B5" style="r110_80" originx="175" originy="-108.26771653543" rotation="0" />
    <pcbpin number="22" name="B6" style="r110_80" originx="125" originy="-108.26771653543" rotation="0" />
    <pcbpin number="23" name="B7" style="r110_80" originx="74.999999999999" originy="-108.26771653543" rotation="0" />
    <pcbpin number="24" name="B8" style="r110_80" originx="25" originy="-108.26771653543" rotation="0" />
    <pcbpin number="25" name="B9" style="r110_80" originx="-25" originy="-108.26771653543" rotation="0" />
    <pcbpin number="26" name="B10" style="r110_80" originx="-74.999999999999" originy="-108.26771653543" rotation="0" />
    <pcbpin number="27" name="B11" style="r110_80" originx="-125" originy="-108.26771653543" rotation="0" />
    <pcbpin number="28" name="B12" style="r110_80" originx="-175" originy="-108.26771653543" rotation="0" />
    <pcbpin number="29" name="B13" style="r110_80" originx="-225" originy="-108.26771653543" rotation="0" />
    <pcbpin number="30" name="B14" style="r110_80" originx="-275" originy="-108.26771653543" rotation="0" />
    <pcbpin number="31" name="B15" style="r110_80" originx="-325" originy="-108.26771653543" rotation="0" />
    <pcbpin number="32" name="B16" style="r110_80" originx="-375" originy="-108.26771653543" rotation="0" />
    <pcbpin number="33" name="33" style="r250_120" originx="473.81889763779" originy="100.3937007874" rotation="0" />
    <pcbpin number="34" name="34" style="r250_120" originx="-473.81889763779" originy="100.3937007874" rotation="0" />
    <pcbpin number="35" name="35" style="r250_120" originx="473.81889763779" originy="-100.3937007874" rotation="0" />
    <pcbpin number="36" name="36" style="r250_120" originx="-473.81889763779" originy="-100.3937007874" rotation="0" />
    <pcbpin number="37" name="37" style="c77.5_h155" originx="462.00787401574" originy="0" rotation="90" />
    <pcbpin number="38" name="38" style="c77.5_h155" originx="-462.00787401574" originy="0" rotation="90" />
    <line layer="TOP_ASSEMBLY" originx="-499.99999999999" originy="145.66929133858" endx="499.99999999999" endy="145.66929133858" width="7.8740157480314" />
    <line layer="TOP_ASSEMBLY" originx="499.99999999999" originy="145.66929133858" endx="499.99999999999" endy="-145.66929133858" width="7.8740157480314" />
    <line layer="TOP_ASSEMBLY" originx="499.99999999999" originy="-145.66929133858" endx="-499.99999999999" endy="-145.66929133858" width="7.8740157480314" />
    <line layer="TOP_ASSEMBLY" originx="-499.99999999999" originy="-145.66929133858" endx="-499.99999999999" endy="145.66929133858" width="7.8740157480314" />
    <arc layer="TOP_SILKSCREEN" originx="518.70078740157" originy="108.26771653543" startangle="180" sweepangle="180" radius="1.9685039370078" width="7.8740157480314" />
    <arc layer="TOP_SILKSCREEN" originx="518.70078740157" originy="108.26771653543" startangle="180" sweepangle="-180" radius="1.9685039370078" width="7.8740157480314" />
    <line layer="TOP_PLACE_BOUND" originx="-539.37007874015" originy="185.03937007874" endx="539.37007874015" endy="185.03937007874" width="1.9685039370079" />
    <line layer="TOP_PLACE_BOUND" originx="539.37007874015" originy="185.03937007874" endx="539.37007874015" endy="-185.03937007874" width="1.9685039370079" />
    <line layer="TOP_PLACE_BOUND" originx="539.37007874015" originy="-185.03937007874" endx="-539.37007874015" endy="-185.03937007874" width="1.9685039370079" />
    <line layer="TOP_PLACE_BOUND" originx="-539.37007874015" originy="-185.03937007874" endx="-539.37007874015" endy="185.03937007874" width="1.9685039370079" />
  </footprint>
  <symbol name="15230322601000" originx="0" originy="0">
    <line originx="200" originy="100" endx="800" endy="100" width="0" />
    <line originx="800" originy="-1600" endx="800" endy="100" width="0" />
    <line originx="800" originy="-1600" endx="200" endy="-1600" width="0" />
    <line originx="200" originy="100" endx="200" endy="-1600" width="0" />
    <sympin number="1" originx="200" originy="0" rotation="180" length="100" width="7.8740157480315" flipped="False">
      <text name="pinname" originx="230" originy="0" style="Default" rotation="0" justify="left" flipped="False" hidden="False" data="A1" />
      <text name="pindes" originx="140" originy="20" style="Default" rotation="0" justify="lowerright" flipped="False" hidden="False" data="A1" />
    </sympin>
    <sympin number="2" originx="200" originy="-100" rotation="180" length="100" width="7.8740157480315" flipped="False">
      <text name="pinname" originx="230" originy="-100" style="Default" rotation="0" justify="left" flipped="False" hidden="False" data="A2" />
      <text name="pindes" originx="140" originy="-80" style="Default" rotation="0" justify="lowerright" flipped="False" hidden="False" data="A2" />
    </sympin>
    <sympin number="3" originx="200" originy="-200" rotation="180" length="100" width="7.8740157480315" flipped="False">
      <text name="pinname" originx="230" originy="-200" style="Default" rotation="0" justify="left" flipped="False" hidden="False" data="A3" />
      <text name="pindes" originx="140" originy="-180" style="Default" rotation="0" justify="lowerright" flipped="False" hidden="False" data="A3" />
    </sympin>
    <sympin number="4" originx="200" originy="-300" rotation="180" length="100" width="7.8740157480315" flipped="False">
      <text name="pinname" originx="230" originy="-300" style="Default" rotation="0" justify="left" flipped="False" hidden="False" data="A4" />
      <text name="pindes" originx="140" originy="-280" style="Default" rotation="0" justify="lowerright" flipped="False" hidden="False" data="A4" />
    </sympin>
    <sympin number="5" originx="200" originy="-400" rotation="180" length="100" width="7.8740157480315" flipped="False">
      <text name="pinname" originx="230" originy="-400" style="Default" rotation="0" justify="left" flipped="False" hidden="False" data="A5" />
      <text name="pindes" originx="140" originy="-380" style="Default" rotation="0" justify="lowerright" flipped="False" hidden="False" data="A5" />
    </sympin>
    <sympin number="6" originx="200" originy="-500" rotation="180" length="100" width="7.8740157480315" flipped="False">
      <text name="pinname" originx="230" originy="-500" style="Default" rotation="0" justify="left" flipped="False" hidden="False" data="A6" />
      <text name="pindes" originx="140" originy="-480" style="Default" rotation="0" justify="lowerright" flipped="False" hidden="False" data="A6" />
    </sympin>
    <sympin number="7" originx="200" originy="-600" rotation="180" length="100" width="7.8740157480315" flipped="False">
      <text name="pinname" originx="230" originy="-600" style="Default" rotation="0" justify="left" flipped="False" hidden="False" data="A7" />
      <text name="pindes" originx="140" originy="-580" style="Default" rotation="0" justify="lowerright" flipped="False" hidden="False" data="A7" />
    </sympin>
    <sympin number="8" originx="200" originy="-700" rotation="180" length="100" width="7.8740157480315" flipped="False">
      <text name="pinname" originx="230" originy="-700" style="Default" rotation="0" justify="left" flipped="False" hidden="False" data="A8" />
      <text name="pindes" originx="140" originy="-680" style="Default" rotation="0" justify="lowerright" flipped="False" hidden="False" data="A8" />
    </sympin>
    <sympin number="9" originx="200" originy="-800" rotation="180" length="100" width="7.8740157480315" flipped="False">
      <text name="pinname" originx="230" originy="-800" style="Default" rotation="0" justify="left" flipped="False" hidden="False" data="A9" />
      <text name="pindes" originx="140" originy="-780" style="Default" rotation="0" justify="lowerright" flipped="False" hidden="False" data="A9" />
    </sympin>
    <sympin number="10" originx="200" originy="-900" rotation="180" length="100" width="7.8740157480315" flipped="False">
      <text name="pinname" originx="230" originy="-900" style="Default" rotation="0" justify="left" flipped="False" hidden="False" data="A10" />
      <text name="pindes" originx="140" originy="-880" style="Default" rotation="0" justify="lowerright" flipped="False" hidden="False" data="A10" />
    </sympin>
    <sympin number="11" originx="200" originy="-1000" rotation="180" length="100" width="7.8740157480315" flipped="False">
      <text name="pinname" originx="230" originy="-1000" style="Default" rotation="0" justify="left" flipped="False" hidden="False" data="A11" />
      <text name="pindes" originx="140" originy="-980" style="Default" rotation="0" justify="lowerright" flipped="False" hidden="False" data="A11" />
    </sympin>
    <sympin number="12" originx="200" originy="-1100" rotation="180" length="100" width="7.8740157480315" flipped="False">
      <text name="pinname" originx="230" originy="-1100" style="Default" rotation="0" justify="left" flipped="False" hidden="False" data="A12" />
      <text name="pindes" originx="140" originy="-1080" style="Default" rotation="0" justify="lowerright" flipped="False" hidden="False" data="A12" />
    </sympin>
    <sympin number="13" originx="200" originy="-1200" rotation="180" length="100" width="7.8740157480315" flipped="False">
      <text name="pinname" originx="230" originy="-1200" style="Default" rotation="0" justify="left" flipped="False" hidden="False" data="A13" />
      <text name="pindes" originx="140" originy="-1180" style="Default" rotation="0" justify="lowerright" flipped="False" hidden="False" data="A13" />
    </sympin>
    <sympin number="14" originx="200" originy="-1300" rotation="180" length="100" width="7.8740157480315" flipped="False">
      <text name="pinname" originx="230" originy="-1300" style="Default" rotation="0" justify="left" flipped="False" hidden="False" data="A14" />
      <text name="pindes" originx="140" originy="-1280" style="Default" rotation="0" justify="lowerright" flipped="False" hidden="False" data="A14" />
    </sympin>
    <sympin number="15" originx="200" originy="-1400" rotation="180" length="100" width="7.8740157480315" flipped="False">
      <text name="pinname" originx="230" originy="-1400" style="Default" rotation="0" justify="left" flipped="False" hidden="False" data="A15" />
      <text name="pindes" originx="140" originy="-1380" style="Default" rotation="0" justify="lowerright" flipped="False" hidden="False" data="A15" />
    </sympin>
    <sympin number="16" originx="200" originy="-1500" rotation="180" length="100" width="7.8740157480315" flipped="False">
      <text name="pinname" originx="230" originy="-1500" style="Default" rotation="0" justify="left" flipped="False" hidden="False" data="A16" />
      <text name="pindes" originx="140" originy="-1480" style="Default" rotation="0" justify="lowerright" flipped="False" hidden="False" data="A16" />
    </sympin>
    <sympin number="17" originx="800" originy="0" rotation="0" length="100" width="7.8740157480315" flipped="False">
      <text name="pinname" originx="770" originy="0" style="Default" rotation="0" justify="right" flipped="False" hidden="False" data="B1" />
      <text name="pindes" originx="860" originy="20" style="Default" rotation="0" justify="lowerleft" flipped="False" hidden="False" data="B1" />
    </sympin>
    <sympin number="18" originx="800" originy="-100" rotation="0" length="100" width="7.8740157480315" flipped="False">
      <text name="pinname" originx="770" originy="-100" style="Default" rotation="0" justify="right" flipped="False" hidden="False" data="B2" />
      <text name="pindes" originx="860" originy="-80" style="Default" rotation="0" justify="lowerleft" flipped="False" hidden="False" data="B2" />
    </sympin>
    <sympin number="19" originx="800" originy="-200" rotation="0" length="100" width="7.8740157480315" flipped="False">
      <text name="pinname" originx="770" originy="-200" style="Default" rotation="0" justify="right" flipped="False" hidden="False" data="B3" />
      <text name="pindes" originx="860" originy="-180" style="Default" rotation="0" justify="lowerleft" flipped="False" hidden="False" data="B3" />
    </sympin>
    <sympin number="20" originx="800" originy="-300" rotation="0" length="100" width="7.8740157480315" flipped="False">
      <text name="pinname" originx="770" originy="-300" style="Default" rotation="0" justify="right" flipped="False" hidden="False" data="B4" />
      <text name="pindes" originx="860" originy="-280" style="Default" rotation="0" justify="lowerleft" flipped="False" hidden="False" data="B4" />
    </sympin>
    <sympin number="21" originx="800" originy="-400" rotation="0" length="100" width="7.8740157480315" flipped="False">
      <text name="pinname" originx="770" originy="-400" style="Default" rotation="0" justify="right" flipped="False" hidden="False" data="B5" />
      <text name="pindes" originx="860" originy="-380" style="Default" rotation="0" justify="lowerleft" flipped="False" hidden="False" data="B5" />
    </sympin>
    <sympin number="22" originx="800" originy="-500" rotation="0" length="100" width="7.8740157480315" flipped="False">
      <text name="pinname" originx="770" originy="-500" style="Default" rotation="0" justify="right" flipped="False" hidden="False" data="B6" />
      <text name="pindes" originx="860" originy="-480" style="Default" rotation="0" justify="lowerleft" flipped="False" hidden="False" data="B6" />
    </sympin>
    <sympin number="23" originx="800" originy="-600" rotation="0" length="100" width="7.8740157480315" flipped="False">
      <text name="pinname" originx="770" originy="-600" style="Default" rotation="0" justify="right" flipped="False" hidden="False" data="B7" />
      <text name="pindes" originx="860" originy="-580" style="Default" rotation="0" justify="lowerleft" flipped="False" hidden="False" data="B7" />
    </sympin>
    <sympin number="24" originx="800" originy="-700" rotation="0" length="100" width="7.8740157480315" flipped="False">
      <text name="pinname" originx="770" originy="-700" style="Default" rotation="0" justify="right" flipped="False" hidden="False" data="B8" />
      <text name="pindes" originx="860" originy="-680" style="Default" rotation="0" justify="lowerleft" flipped="False" hidden="False" data="B8" />
    </sympin>
    <sympin number="25" originx="800" originy="-800" rotation="0" length="100" width="7.8740157480315" flipped="False">
      <text name="pinname" originx="770" originy="-800" style="Default" rotation="0" justify="right" flipped="False" hidden="False" data="B9" />
      <text name="pindes" originx="860" originy="-780" style="Default" rotation="0" justify="lowerleft" flipped="False" hidden="False" data="B9" />
    </sympin>
    <sympin number="26" originx="800" originy="-900" rotation="0" length="100" width="7.8740157480315" flipped="False">
      <text name="pinname" originx="770" originy="-900" style="Default" rotation="0" justify="right" flipped="False" hidden="False" data="B10" />
      <text name="pindes" originx="860" originy="-880" style="Default" rotation="0" justify="lowerleft" flipped="False" hidden="False" data="B10" />
    </sympin>
    <sympin number="27" originx="800" originy="-1000" rotation="0" length="100" width="7.8740157480315" flipped="False">
      <text name="pinname" originx="770" originy="-1000" style="Default" rotation="0" justify="right" flipped="False" hidden="False" data="B11" />
      <text name="pindes" originx="860" originy="-980" style="Default" rotation="0" justify="lowerleft" flipped="False" hidden="False" data="B11" />
    </sympin>
    <sympin number="28" originx="800" originy="-1100" rotation="0" length="100" width="7.8740157480315" flipped="False">
      <text name="pinname" originx="770" originy="-1100" style="Default" rotation="0" justify="right" flipped="False" hidden="False" data="B12" />
      <text name="pindes" originx="860" originy="-1080" style="Default" rotation="0" justify="lowerleft" flipped="False" hidden="False" data="B12" />
    </sympin>
    <sympin number="29" originx="800" originy="-1200" rotation="0" length="100" width="7.8740157480315" flipped="False">
      <text name="pinname" originx="770" originy="-1200" style="Default" rotation="0" justify="right" flipped="False" hidden="False" data="B13" />
      <text name="pindes" originx="860" originy="-1180" style="Default" rotation="0" justify="lowerleft" flipped="False" hidden="False" data="B13" />
    </sympin>
    <sympin number="30" originx="800" originy="-1300" rotation="0" length="100" width="7.8740157480315" flipped="False">
      <text name="pinname" originx="770" originy="-1300" style="Default" rotation="0" justify="right" flipped="False" hidden="False" data="B14" />
      <text name="pindes" originx="860" originy="-1280" style="Default" rotation="0" justify="lowerleft" flipped="False" hidden="False" data="B14" />
    </sympin>
    <sympin number="31" originx="800" originy="-1400" rotation="0" length="100" width="7.8740157480315" flipped="False">
      <text name="pinname" originx="770" originy="-1400" style="Default" rotation="0" justify="right" flipped="False" hidden="False" data="B15" />
      <text name="pindes" originx="860" originy="-1380" style="Default" rotation="0" justify="lowerleft" flipped="False" hidden="False" data="B15" />
    </sympin>
    <sympin number="32" originx="800" originy="-1500" rotation="0" length="100" width="7.8740157480315" flipped="False">
      <text name="pinname" originx="770" originy="-1500" style="Default" rotation="0" justify="right" flipped="False" hidden="False" data="B16" />
      <text name="pindes" originx="860" originy="-1480" style="Default" rotation="0" justify="lowerleft" flipped="False" hidden="False" data="B16" />
    </sympin>
  </symbol>
  <component name="15230322601000" designatorprefix="J" height="572.04724409448" footprint="15230322601000">
    <comppin designator="A1" sympin="1" pinswap="0" gateswap="0" gate="1" group="1" side="" type="Any" name="A1" />
    <comppin designator="A2" sympin="2" pinswap="0" gateswap="0" gate="1" group="1" side="" type="Any" name="A2" />
    <comppin designator="A3" sympin="3" pinswap="0" gateswap="0" gate="1" group="1" side="" type="Any" name="A3" />
    <comppin designator="A4" sympin="4" pinswap="0" gateswap="0" gate="1" group="1" side="" type="Any" name="A4" />
    <comppin designator="A5" sympin="5" pinswap="0" gateswap="0" gate="1" group="1" side="" type="Any" name="A5" />
    <comppin designator="A6" sympin="6" pinswap="0" gateswap="0" gate="1" group="1" side="" type="Any" name="A6" />
    <comppin designator="A7" sympin="7" pinswap="0" gateswap="0" gate="1" group="1" side="" type="Any" name="A7" />
    <comppin designator="A8" sympin="8" pinswap="0" gateswap="0" gate="1" group="1" side="" type="Any" name="A8" />
    <comppin designator="A9" sympin="9" pinswap="0" gateswap="0" gate="1" group="1" side="" type="Any" name="A9" />
    <comppin designator="A10" sympin="10" pinswap="0" gateswap="0" gate="1" group="1" side="" type="Any" name="A10" />
    <comppin designator="A11" sympin="11" pinswap="0" gateswap="0" gate="1" group="1" side="" type="Any" name="A11" />
    <comppin designator="A12" sympin="12" pinswap="0" gateswap="0" gate="1" group="1" side="" type="Any" name="A12" />
    <comppin designator="A13" sympin="13" pinswap="0" gateswap="0" gate="1" group="1" side="" type="Any" name="A13" />
    <comppin designator="A14" sympin="14" pinswap="0" gateswap="0" gate="1" group="1" side="" type="Any" name="A14" />
    <comppin designator="A15" sympin="15" pinswap="0" gateswap="0" gate="1" group="1" side="" type="Any" name="A15" />
    <comppin designator="A16" sympin="16" pinswap="0" gateswap="0" gate="1" group="1" side="" type="Any" name="A16" />
    <comppin designator="B1" sympin="17" pinswap="0" gateswap="0" gate="1" group="1" side="" type="Any" name="B1" />
    <comppin designator="B2" sympin="18" pinswap="0" gateswap="0" gate="1" group="1" side="" type="Any" name="B2" />
    <comppin designator="B3" sympin="19" pinswap="0" gateswap="0" gate="1" group="1" side="" type="Any" name="B3" />
    <comppin designator="B4" sympin="20" pinswap="0" gateswap="0" gate="1" group="1" side="" type="Any" name="B4" />
    <comppin designator="B5" sympin="21" pinswap="0" gateswap="0" gate="1" group="1" side="" type="Any" name="B5" />
    <comppin designator="B6" sympin="22" pinswap="0" gateswap="0" gate="1" group="1" side="" type="Any" name="B6" />
    <comppin designator="B7" sympin="23" pinswap="0" gateswap="0" gate="1" group="1" side="" type="Any" name="B7" />
    <comppin designator="B8" sympin="24" pinswap="0" gateswap="0" gate="1" group="1" side="" type="Any" name="B8" />
    <comppin designator="B9" sympin="25" pinswap="0" gateswap="0" gate="1" group="1" side="" type="Any" name="B9" />
    <comppin designator="B10" sympin="26" pinswap="0" gateswap="0" gate="1" group="1" side="" type="Any" name="B10" />
    <comppin designator="B11" sympin="27" pinswap="0" gateswap="0" gate="1" group="1" side="" type="Any" name="B11" />
    <comppin designator="B12" sympin="28" pinswap="0" gateswap="0" gate="1" group="1" side="" type="Any" name="B12" />
    <comppin designator="B13" sympin="29" pinswap="0" gateswap="0" gate="1" group="1" side="" type="Any" name="B13" />
    <comppin designator="B14" sympin="30" pinswap="0" gateswap="0" gate="1" group="1" side="" type="Any" name="B14" />
    <comppin designator="B15" sympin="31" pinswap="0" gateswap="0" gate="1" group="1" side="" type="Any" name="B15" />
    <comppin designator="B16" sympin="32" pinswap="0" gateswap="0" gate="1" group="1" side="" type="Any" name="B16" />
    <attached_symbol gate="1" name="15230322601000" />
    <pinmap designator="A1" footprintpin="1" />
    <pinmap designator="A2" footprintpin="2" />
    <pinmap designator="A3" footprintpin="3" />
    <pinmap designator="A4" footprintpin="4" />
    <pinmap designator="A5" footprintpin="5" />
    <pinmap designator="A6" footprintpin="6" />
    <pinmap designator="A7" footprintpin="7" />
    <pinmap designator="A8" footprintpin="8" />
    <pinmap designator="A9" footprintpin="9" />
    <pinmap designator="A10" footprintpin="10" />
    <pinmap designator="A11" footprintpin="11" />
    <pinmap designator="A12" footprintpin="12" />
    <pinmap designator="A13" footprintpin="13" />
    <pinmap designator="A14" footprintpin="14" />
    <pinmap designator="A15" footprintpin="15" />
    <pinmap designator="A16" footprintpin="16" />
    <pinmap designator="B1" footprintpin="17" />
    <pinmap designator="B2" footprintpin="18" />
    <pinmap designator="B3" footprintpin="19" />
    <pinmap designator="B4" footprintpin="20" />
    <pinmap designator="B5" footprintpin="21" />
    <pinmap designator="B6" footprintpin="22" />
    <pinmap designator="B7" footprintpin="23" />
    <pinmap designator="B8" footprintpin="24" />
    <pinmap designator="B9" footprintpin="25" />
    <pinmap designator="B10" footprintpin="26" />
    <pinmap designator="B11" footprintpin="27" />
    <pinmap designator="B12" footprintpin="28" />
    <pinmap designator="B13" footprintpin="29" />
    <pinmap designator="B14" footprintpin="30" />
    <pinmap designator="B15" footprintpin="31" />
    <pinmap designator="B16" footprintpin="32" />
    <text name="Datasheet" originx="0" originy="0" style="Default" rotation="0" justify="" flipped="False" hidden="True" data="https://b2b.harting.com/files/download/PRD/PDF_TS/1521XXXX601XXX_100227879DRW002E.pdf" />
    <text name="Description" originx="0" originy="0" style="Default" rotation="0" justify="" flipped="False" hidden="True" data="har-flex str F 13.65mm 32p PL1 170pcs" />
    <text name="Mouser Part Number" originx="0" originy="0" style="Default" rotation="0" justify="" flipped="False" hidden="True" data="617-15230322601000" />
    <text name="Mouser Price/Stock" originx="0" originy="0" style="Default" rotation="0" justify="" flipped="False" hidden="True" data="https://www.mouser.co.uk/ProductDetail/HARTING/15230322601000?qs=T3oQrply3y8olYMSQIckaw%3D%3D" />
    <text name="Manufacturer_Name" originx="0" originy="0" style="Default" rotation="0" justify="" flipped="False" hidden="True" data="HARTING" />
    <text name="Manufacturer_Part_Number" originx="850" originy="200" style="Default" rotation="0" justify="left" flipped="False" hidden="False" data="15230322601000" />
  </component>
</quadcept_library>
