<?xml version="1.0" encoding="utf-8"?>
<!--/933517/1635558/2.50/9/4/Undefined or Miscellaneous/-->
<quadcept_library>
  <setting unit="mil" />
  <textstyle name="Default" height="47.244094488189" strokewidth="7.8740157480315" charwidth="47.244094488189" />
  <textstyle name="Dimension" height="19.6850393700787" strokewidth="0" charwidth="19.6850393700787" />
  <textstyle name="H127W0635TH00762" height="50" strokewidth="3" charwidth="25" />
  <textstyle name="H15W15TH02" height="59.0551181102362" strokewidth="7.8740157480315" charwidth="59.0551181102362" />
  <padstyle name="r30_20" surface="True" plated="False" isvia="False" nopaste="False" nomask="True" complex="False" holesize="0">
    <padshape layer="TOP" shape="rectangle" width="7.8740157480314" height="11.811023622047" />
    <padshape layer="TOP_SOLDER_MASK" shape="rectangle" width="15.748031496063" height="19.685039370078" />
    <padshape layer="TOP_SOLDER_PASTE" shape="rectangle" width="7.8740157480314" height="11.811023622047" />
  </padstyle>
  <padstyle name="r35_30" surface="True" plated="False" isvia="False" nopaste="False" nomask="True" complex="False" holesize="0">
    <padshape layer="TOP" shape="rectangle" width="11.811023622047" height="13.779527559055" />
    <padshape layer="TOP_SOLDER_MASK" shape="rectangle" width="19.685039370078" height="21.653543307086" />
    <padshape layer="TOP_SOLDER_PASTE" shape="rectangle" width="11.811023622047" height="13.779527559055" />
  </padstyle>
  <padstyle name="r50_25" surface="True" plated="False" isvia="False" nopaste="False" nomask="True" complex="False" holesize="0">
    <padshape layer="TOP" shape="rectangle" width="9.8425196850392" height="19.685039370078" />
    <padshape layer="TOP_SOLDER_MASK" shape="rectangle" width="17.716535433071" height="27.55905511811" />
    <padshape layer="TOP_SOLDER_PASTE" shape="rectangle" width="9.8425196850392" height="19.685039370078" />
  </padstyle>
  <padstyle name="r187_150" surface="True" plated="False" isvia="False" nopaste="False" nomask="True" complex="False" holesize="0">
    <padshape layer="TOP" shape="rectangle" width="59.055118110235" height="73.622047244094" />
    <padshape layer="TOP_SOLDER_MASK" shape="rectangle" width="66.929133858267" height="81.496062992125" />
    <padshape layer="TOP_SOLDER_PASTE" shape="rectangle" width="59.055118110235" height="73.622047244094" />
  </padstyle>
  <footprint name="SI5448DUT1GE3" originx="0" originy="0" pickpointx="0" pickpointy="0">
    <pcbpin number="1" name="1" style="r30_20" originx="-38.385826771653" originy="-33.464566929133" rotation="90" />
    <pcbpin number="2" name="2" style="r30_20" originx="-12.795275590551" originy="-33.464566929133" rotation="90" />
    <pcbpin number="3" name="3" style="r30_20" originx="12.795275590551" originy="-33.464566929133" rotation="90" />
    <pcbpin number="4" name="4" style="r35_30" originx="38.385826771653" originy="-30.511811023622" rotation="0" />
    <pcbpin number="5" name="5" style="r35_30" originx="38.385826771653" originy="30.511811023622" rotation="0" />
    <pcbpin number="6" name="6" style="r30_20" originx="12.795275590551" originy="33.464566929133" rotation="90" />
    <pcbpin number="7" name="7" style="r30_20" originx="-12.795275590551" originy="33.464566929133" rotation="90" />
    <pcbpin number="8" name="8" style="r30_20" originx="-38.385826771653" originy="33.464566929133" rotation="90" />
    <pcbpin number="9" name="9" style="r50_25" originx="43.307086614173" originy="0" rotation="0" />
    <pcbpin number="10" name="10" style="r187_150" originx="-16.338582677165" originy="0" rotation="90" />
    <line layer="TOP_ASSEMBLY" originx="-59.055118110235" originy="37.401574803149" endx="59.055118110235" endy="37.401574803149" width="7.8740157480314" />
    <line layer="TOP_ASSEMBLY" originx="59.055118110235" originy="37.401574803149" endx="59.055118110235" endy="-37.401574803149" width="7.8740157480314" />
    <line layer="TOP_ASSEMBLY" originx="59.055118110235" originy="-37.401574803149" endx="-59.055118110235" endy="-37.401574803149" width="7.8740157480314" />
    <line layer="TOP_ASSEMBLY" originx="-59.055118110235" originy="-37.401574803149" endx="-59.055118110235" endy="37.401574803149" width="7.8740157480314" />
    <line layer="TOP_PLACE_BOUND" originx="-78.740157480314" originy="57.086614173228" endx="78.740157480314" endy="57.086614173228" width="3.9370078740157" />
    <line layer="TOP_PLACE_BOUND" originx="78.740157480314" originy="57.086614173228" endx="78.740157480314" endy="-74.803149606298" width="3.9370078740157" />
    <line layer="TOP_PLACE_BOUND" originx="78.740157480314" originy="-74.803149606298" endx="-78.740157480314" endy="-74.803149606298" width="3.9370078740157" />
    <line layer="TOP_PLACE_BOUND" originx="-78.740157480314" originy="-74.803149606298" endx="-78.740157480314" endy="57.086614173228" width="3.9370078740157" />
    <line layer="TOP_SILKSCREEN" originx="-59.055118110235" originy="37.401574803149" endx="-59.055118110235" endy="-37.401574803149" width="3.9370078740157" />
    <line layer="TOP_SILKSCREEN" originx="51.181102362204" originy="37.401574803149" endx="59.055118110235" endy="37.401574803149" width="3.9370078740157" />
    <line layer="TOP_SILKSCREEN" originx="59.055118110235" originy="37.401574803149" endx="59.055118110235" endy="-37.401574803149" width="3.9370078740157" />
    <line layer="TOP_SILKSCREEN" originx="59.055118110235" originy="-37.401574803149" endx="51.181102362204" endy="-37.401574803149" width="3.9370078740157" />
    <line layer="TOP_SILKSCREEN" originx="-43.307086614173" originy="-51.181102362204" endx="-43.307086614173" endy="-51.181102362204" width="7.8740157480314" />
    <arc layer="TOP_SILKSCREEN" originx="-39.370078740157" originy="-51.181102362204" startangle="180.0" sweepangle="-180.0" radius="3.9370078740157" width="7.8740157480314" />
    <line layer="TOP_SILKSCREEN" originx="-35.433070866141" originy="-51.181102362204" endx="-35.433070866141" endy="-51.181102362204" width="7.8740157480314" />
    <arc layer="TOP_SILKSCREEN" originx="-39.370078740157" originy="-51.181102362204" startangle=".0" sweepangle="-180.0" radius="3.9370078740157" width="7.8740157480314" />
  </footprint>
  <symbol name="SI5448DU-T1-GE3" originx="0" originy="0">
    <line originx="200" originy="100" endx="800" endy="100" width="0" />
    <line originx="800" originy="-500" endx="800" endy="100" width="0" />
    <line originx="800" originy="-500" endx="200" endy="-500" width="0" />
    <line originx="200" originy="100" endx="200" endy="-500" width="0" />
    <sympin number="1" originx="200" originy="0" rotation="180" length="100" width="7.8740157480315" flipped="False">
      <text name="pinname" originx="230" originy="0" style="Default" rotation="0" justify="left" flipped="False" hidden="False" data="D_1" />
      <text name="pindes" originx="140" originy="20" style="Default" rotation="0" justify="lowerright" flipped="False" hidden="False" data="1" />
    </sympin>
    <sympin number="2" originx="200" originy="-100" rotation="180" length="100" width="7.8740157480315" flipped="False">
      <text name="pinname" originx="230" originy="-100" style="Default" rotation="0" justify="left" flipped="False" hidden="False" data="D_2" />
      <text name="pindes" originx="140" originy="-80" style="Default" rotation="0" justify="lowerright" flipped="False" hidden="False" data="2" />
    </sympin>
    <sympin number="3" originx="200" originy="-200" rotation="180" length="100" width="7.8740157480315" flipped="False">
      <text name="pinname" originx="230" originy="-200" style="Default" rotation="0" justify="left" flipped="False" hidden="False" data="D_3" />
      <text name="pindes" originx="140" originy="-180" style="Default" rotation="0" justify="lowerright" flipped="False" hidden="False" data="3" />
    </sympin>
    <sympin number="4" originx="200" originy="-300" rotation="180" length="100" width="7.8740157480315" flipped="False">
      <text name="pinname" originx="230" originy="-300" style="Default" rotation="0" justify="left" flipped="False" hidden="False" data="G" />
      <text name="pindes" originx="140" originy="-280" style="Default" rotation="0" justify="lowerright" flipped="False" hidden="False" data="4" />
    </sympin>
    <sympin number="5" originx="200" originy="-400" rotation="180" length="100" width="7.8740157480315" flipped="False">
      <text name="pinname" originx="230" originy="-400" style="Default" rotation="0" justify="left" flipped="False" hidden="False" data="S_1" />
      <text name="pindes" originx="140" originy="-380" style="Default" rotation="0" justify="lowerright" flipped="False" hidden="False" data="5" />
    </sympin>
    <sympin number="6" originx="800" originy="0" rotation="0" length="100" width="7.8740157480315" flipped="False">
      <text name="pinname" originx="770" originy="0" style="Default" rotation="0" justify="right" flipped="False" hidden="False" data="D_4" />
      <text name="pindes" originx="860" originy="20" style="Default" rotation="0" justify="lowerleft" flipped="False" hidden="False" data="6" />
    </sympin>
    <sympin number="7" originx="800" originy="-100" rotation="0" length="100" width="7.8740157480315" flipped="False">
      <text name="pinname" originx="770" originy="-100" style="Default" rotation="0" justify="right" flipped="False" hidden="False" data="D_5" />
      <text name="pindes" originx="860" originy="-80" style="Default" rotation="0" justify="lowerleft" flipped="False" hidden="False" data="7" />
    </sympin>
    <sympin number="8" originx="800" originy="-200" rotation="0" length="100" width="7.8740157480315" flipped="False">
      <text name="pinname" originx="770" originy="-200" style="Default" rotation="0" justify="right" flipped="False" hidden="False" data="D_6" />
      <text name="pindes" originx="860" originy="-180" style="Default" rotation="0" justify="lowerleft" flipped="False" hidden="False" data="8" />
    </sympin>
    <sympin number="9" originx="800" originy="-300" rotation="0" length="100" width="7.8740157480315" flipped="False">
      <text name="pinname" originx="770" originy="-300" style="Default" rotation="0" justify="right" flipped="False" hidden="False" data="S_2" />
      <text name="pindes" originx="860" originy="-280" style="Default" rotation="0" justify="lowerleft" flipped="False" hidden="False" data="9" />
    </sympin>
  </symbol>
  <component name="SI5448DU-T1-GE3" designatorprefix="U" height="0" footprint="SI5448DUT1GE3">
    <comppin designator="1" sympin="1" pinswap="0" gateswap="0" gate="1" group="1" side="" type="Any" name="D_1" />
    <comppin designator="2" sympin="2" pinswap="0" gateswap="0" gate="1" group="1" side="" type="Any" name="D_2" />
    <comppin designator="3" sympin="3" pinswap="0" gateswap="0" gate="1" group="1" side="" type="Any" name="D_3" />
    <comppin designator="4" sympin="4" pinswap="0" gateswap="0" gate="1" group="1" side="" type="Any" name="G" />
    <comppin designator="5" sympin="5" pinswap="0" gateswap="0" gate="1" group="1" side="" type="Any" name="S_1" />
    <comppin designator="6" sympin="6" pinswap="0" gateswap="0" gate="1" group="1" side="" type="Any" name="D_4" />
    <comppin designator="7" sympin="7" pinswap="0" gateswap="0" gate="1" group="1" side="" type="Any" name="D_5" />
    <comppin designator="8" sympin="8" pinswap="0" gateswap="0" gate="1" group="1" side="" type="Any" name="D_6" />
    <comppin designator="9" sympin="9" pinswap="0" gateswap="0" gate="1" group="1" side="" type="Any" name="S_2" />
    <attached_symbol gate="1" name="SI5448DU-T1-GE3" />
    <pinmap designator="1" footprintpin="1" />
    <pinmap designator="2" footprintpin="2" />
    <pinmap designator="3" footprintpin="3" />
    <pinmap designator="4" footprintpin="4" />
    <pinmap designator="5" footprintpin="5" />
    <pinmap designator="6" footprintpin="6" />
    <pinmap designator="7" footprintpin="7" />
    <pinmap designator="8" footprintpin="8" />
    <pinmap designator="9" footprintpin="9" />
    <text name="Datasheet" originx="0" originy="0" style="Default" rotation="0" justify="" flipped="False" hidden="True" data="https://www.vishay.com/docs/76149/si5448du.pdf" />
    <text name="Description" originx="0" originy="0" style="Default" rotation="0" justify="" flipped="False" hidden="True" data="Vishay SI5448DU-T1-GE3 N-channel MOSFET, 25 A, 40 V TrenchFET, 8-Pin PowerPAK ChipFET" />
    <text name="Mouser Part Number" originx="0" originy="0" style="Default" rotation="0" justify="" flipped="False" hidden="True" data="78-SI5448DU-T1-GE3" />
    <text name="Mouser Price/Stock" originx="0" originy="0" style="Default" rotation="0" justify="" flipped="False" hidden="True" data="https://www.mouser.co.uk/ProductDetail/Vishay-Siliconix/SI5448DU-T1-GE3?qs=Mv7BduZupUjbumEtwjlBgA%3D%3D" />
    <text name="Manufacturer_Name" originx="0" originy="0" style="Default" rotation="0" justify="" flipped="False" hidden="True" data="Vishay" />
    <text name="Manufacturer_Part_Number" originx="850" originy="200" style="Default" rotation="0" justify="left" flipped="False" hidden="False" data="SI5448DU-T1-GE3" />
  </component>
</quadcept_library>
