<?xml version="1.0" encoding="utf-8"?>
<!--/274235/1635558/2.50/9/3/Integrated Circuit/-->
<quadcept_library>
  <setting unit="mil" />
  <textstyle name="Default" height="47.244094488189" strokewidth="7.8740157480315" charwidth="47.244094488189" />
  <textstyle name="Dimension" height="19.6850393700787" strokewidth="0" charwidth="19.6850393700787" />
  <textstyle name="H127W0635TH00762" height="50" strokewidth="3" charwidth="25" />
  <textstyle name="H15W15TH02" height="59.0551181102362" strokewidth="7.8740157480315" charwidth="59.0551181102362" />
  <padstyle name="c29" surface="True" plated="False" isvia="False" nopaste="False" nomask="True" complex="False" holesize="0">
    <padshape layer="TOP" shape="round" width="11.417322834646" height="11.417322834646" />
    <padshape layer="TOP_SOLDER_MASK" shape="round" width="19.291338582677" height="19.291338582677" />
    <padshape layer="TOP_SOLDER_PASTE" shape="round" width="11.417322834646" height="11.417322834646" />
  </padstyle>
  <footprint name="BGA9C50P3X3_158X162X62" originx="0" originy="0" pickpointx="0" pickpointy="0">
    <pcbpin number="1" name="A1" style="c29" originx="-19.685039370078" originy="19.685039370078" rotation="90" />
    <pcbpin number="2" name="A2" style="c29" originx="0" originy="19.685039370078" rotation="90" />
    <pcbpin number="3" name="A3" style="c29" originx="19.685039370078" originy="19.685039370078" rotation="90" />
    <pcbpin number="4" name="B1" style="c29" originx="-19.685039370078" originy="0" rotation="90" />
    <pcbpin number="5" name="B2" style="c29" originx="0" originy="0" rotation="90" />
    <pcbpin number="6" name="B3" style="c29" originx="19.685039370078" originy="0" rotation="90" />
    <pcbpin number="7" name="C1" style="c29" originx="-19.685039370078" originy="-19.685039370078" rotation="90" />
    <pcbpin number="8" name="C2" style="c29" originx="0" originy="-19.685039370078" rotation="90" />
    <pcbpin number="9" name="C3" style="c29" originx="19.685039370078" originy="-19.685039370078" rotation="90" />
    <line layer="TOP_PLACE_BOUND" originx="-71.062992125983" originy="71.889763779527" endx="71.062992125983" endy="71.889763779527" width="1.9685039370079" />
    <line layer="TOP_PLACE_BOUND" originx="71.062992125983" originy="71.889763779527" endx="71.062992125983" endy="-71.850393700787" width="1.9685039370079" />
    <line layer="TOP_PLACE_BOUND" originx="71.062992125983" originy="-71.850393700787" endx="-71.062992125983" endy="-71.850393700787" width="1.9685039370079" />
    <line layer="TOP_PLACE_BOUND" originx="-71.062992125983" originy="-71.850393700787" endx="-71.062992125983" endy="71.889763779527" width="1.9685039370079" />
    <line layer="TOP_ASSEMBLY" originx="-31.102362204724" originy="31.889763779527" endx="31.102362204724" endy="31.889763779527" width="3.9370078740157" />
    <line layer="TOP_ASSEMBLY" originx="31.102362204724" originy="31.889763779527" endx="31.102362204724" endy="-31.889763779527" width="3.9370078740157" />
    <line layer="TOP_ASSEMBLY" originx="31.102362204724" originy="-31.889763779527" endx="-31.102362204724" endy="-31.889763779527" width="3.9370078740157" />
    <line layer="TOP_ASSEMBLY" originx="-31.102362204724" originy="-31.889763779527" endx="-31.102362204724" endy="31.889763779527" width="3.9370078740157" />
    <line layer="TOP_ASSEMBLY" originx="-31.102362204724" originy="15.669291338582" endx="-14.842519685039" endy="31.929133858267" width="3.9370078740157" />
    <line layer="TOP_SILKSCREEN" originx="-19.685039370078" originy="39.173228346456" endx="39.173228346456" endy="39.173228346456" width="7.8740157480314" />
    <line layer="TOP_SILKSCREEN" originx="39.173228346456" originy="39.173228346456" endx="39.173228346456" endy="-39.173228346456" width="7.8740157480314" />
    <line layer="TOP_SILKSCREEN" originx="39.173228346456" originy="-39.173228346456" endx="-39.173228346456" endy="-39.173228346456" width="7.8740157480314" />
    <line layer="TOP_SILKSCREEN" originx="-39.173228346456" originy="-39.173228346456" endx="-39.173228346456" endy="19.685039370078" width="7.8740157480314" />
    <line layer="TOP_SILKSCREEN" originx="-39.173228346456" originy="19.685039370078" endx="-19.685039370078" endy="39.173228346456" width="7.8740157480314" />
    <arc layer="TOP_SILKSCREEN" originx="-39.173228346456" originy="39.173228346456" startangle="180" sweepangle="180" radius="3.9370078740157" width="7.8740157480314" />
    <arc layer="TOP_SILKSCREEN" originx="-39.173228346456" originy="39.173228346456" startangle="180" sweepangle="-180" radius="3.9370078740157" width="7.8740157480314" />
  </footprint>
  <symbol name="BQ27426YZFR" originx="0" originy="0">
    <line originx="200" originy="100" endx="900" endy="100" width="0" />
    <line originx="900" originy="-500" endx="900" endy="100" width="0" />
    <line originx="900" originy="-500" endx="200" endy="-500" width="0" />
    <line originx="200" originy="100" endx="200" endy="-500" width="0" />
    <sympin number="1" originx="200" originy="0" rotation="180" length="100" width="7.8740157480315" flipped="False">
      <text name="pinname" originx="230" originy="0" style="Default" rotation="0" justify="left" flipped="False" hidden="False" data="GPOUT" />
      <text name="pindes" originx="140" originy="20" style="Default" rotation="0" justify="lowerright" flipped="False" hidden="False" data="A1" />
    </sympin>
    <sympin number="2" originx="200" originy="-100" rotation="180" length="100" width="7.8740157480315" flipped="False">
      <text name="pinname" originx="230" originy="-100" style="Default" rotation="0" justify="left" flipped="False" hidden="False" data="SDA" />
      <text name="pindes" originx="140" originy="-80" style="Default" rotation="0" justify="lowerright" flipped="False" hidden="False" data="A2" />
    </sympin>
    <sympin number="3" originx="200" originy="-200" rotation="180" length="100" width="7.8740157480315" flipped="False">
      <text name="pinname" originx="230" originy="-200" style="Default" rotation="0" justify="left" flipped="False" hidden="False" data="SCL" />
      <text name="pindes" originx="140" originy="-180" style="Default" rotation="0" justify="lowerright" flipped="False" hidden="False" data="A3" />
    </sympin>
    <sympin number="4" originx="200" originy="-300" rotation="180" length="100" width="7.8740157480315" flipped="False">
      <text name="pinname" originx="230" originy="-300" style="Default" rotation="0" justify="left" flipped="False" hidden="False" data="BIN" />
      <text name="pindes" originx="140" originy="-280" style="Default" rotation="0" justify="lowerright" flipped="False" hidden="False" data="B1" />
    </sympin>
    <sympin number="5" originx="200" originy="-400" rotation="180" length="100" width="7.8740157480315" flipped="False">
      <text name="pinname" originx="230" originy="-400" style="Default" rotation="0" justify="left" flipped="False" hidden="False" data="VSS" />
      <text name="pindes" originx="140" originy="-380" style="Default" rotation="0" justify="lowerright" flipped="False" hidden="False" data="B2" />
    </sympin>
    <sympin number="6" originx="900" originy="0" rotation="0" length="100" width="7.8740157480315" flipped="False">
      <text name="pinname" originx="870" originy="0" style="Default" rotation="0" justify="right" flipped="False" hidden="False" data="VDD" />
      <text name="pindes" originx="960" originy="20" style="Default" rotation="0" justify="lowerleft" flipped="False" hidden="False" data="B3" />
    </sympin>
    <sympin number="7" originx="900" originy="-100" rotation="0" length="100" width="7.8740157480315" flipped="False">
      <text name="pinname" originx="870" originy="-100" style="Default" rotation="0" justify="right" flipped="False" hidden="False" data="SRP" />
      <text name="pindes" originx="960" originy="-80" style="Default" rotation="0" justify="lowerleft" flipped="False" hidden="False" data="C1" />
    </sympin>
    <sympin number="8" originx="900" originy="-200" rotation="0" length="100" width="7.8740157480315" flipped="False">
      <text name="pinname" originx="870" originy="-200" style="Default" rotation="0" justify="right" flipped="False" hidden="False" data="SRN" />
      <text name="pindes" originx="960" originy="-180" style="Default" rotation="0" justify="lowerleft" flipped="False" hidden="False" data="C2" />
    </sympin>
    <sympin number="9" originx="900" originy="-300" rotation="0" length="100" width="7.8740157480315" flipped="False">
      <text name="pinname" originx="870" originy="-300" style="Default" rotation="0" justify="right" flipped="False" hidden="False" data="BAT" />
      <text name="pindes" originx="960" originy="-280" style="Default" rotation="0" justify="lowerleft" flipped="False" hidden="False" data="C3" />
    </sympin>
  </symbol>
  <component name="BQ27426YZFR" designatorprefix="IC" height="24.606299212598" footprint="BGA9C50P3X3_158X162X62">
    <comppin designator="A1" sympin="1" pinswap="0" gateswap="0" gate="1" group="1" side="" type="Any" name="GPOUT" />
    <comppin designator="A2" sympin="2" pinswap="0" gateswap="0" gate="1" group="1" side="" type="Any" name="SDA" />
    <comppin designator="A3" sympin="3" pinswap="0" gateswap="0" gate="1" group="1" side="" type="Any" name="SCL" />
    <comppin designator="B1" sympin="4" pinswap="0" gateswap="0" gate="1" group="1" side="" type="Any" name="BIN" />
    <comppin designator="B2" sympin="5" pinswap="0" gateswap="0" gate="1" group="1" side="" type="Any" name="VSS" />
    <comppin designator="B3" sympin="6" pinswap="0" gateswap="0" gate="1" group="1" side="" type="Any" name="VDD" />
    <comppin designator="C1" sympin="7" pinswap="0" gateswap="0" gate="1" group="1" side="" type="Any" name="SRP" />
    <comppin designator="C2" sympin="8" pinswap="0" gateswap="0" gate="1" group="1" side="" type="Any" name="SRN" />
    <comppin designator="C3" sympin="9" pinswap="0" gateswap="0" gate="1" group="1" side="" type="Any" name="BAT" />
    <attached_symbol gate="1" name="BQ27426YZFR" />
    <pinmap designator="A1" footprintpin="1" />
    <pinmap designator="A2" footprintpin="2" />
    <pinmap designator="A3" footprintpin="3" />
    <pinmap designator="B1" footprintpin="4" />
    <pinmap designator="B2" footprintpin="5" />
    <pinmap designator="B3" footprintpin="6" />
    <pinmap designator="C1" footprintpin="7" />
    <pinmap designator="C2" footprintpin="8" />
    <pinmap designator="C3" footprintpin="9" />
    <text name="Datasheet" originx="0" originy="0" style="Default" rotation="0" justify="" flipped="False" hidden="True" data="https://www.ti.com/lit/ds/symlink/bq27426.pdf?ts=1651460808360&amp;ref_url=https%3A%2F%2Fwww.google.com%2F" />
    <text name="Description" originx="0" originy="0" style="Default" rotation="0" justify="" flipped="False" hidden="True" data="Single cell System-Side Battery Fuel (Gas) Gauge w/Pre-programmed Chemistry Profile" />
    <text name="Mouser Part Number" originx="0" originy="0" style="Default" rotation="0" justify="" flipped="False" hidden="True" data="595-BQ27426YZFR" />
    <text name="Mouser Price/Stock" originx="0" originy="0" style="Default" rotation="0" justify="" flipped="False" hidden="True" data="https://www.mouser.co.uk/ProductDetail/Texas-Instruments/BQ27426YZFR?qs=VymPLiRQZIRKngYKi%2FLE%252Bw%3D%3D" />
    <text name="Manufacturer_Name" originx="0" originy="0" style="Default" rotation="0" justify="" flipped="False" hidden="True" data="Texas Instruments" />
    <text name="Manufacturer_Part_Number" originx="950" originy="200" style="Default" rotation="0" justify="left" flipped="False" hidden="False" data="BQ27426YZFR" />
  </component>
</quadcept_library>
